0,1
xkubtjk815,167
9xhq4zclpe,254
ve0ebxq620,66
pzvzykmf5e,133
qmvfvw99v9,2385
lstx3iocs6,69
52a130pcmy,344
d7mczw6osp,987
5k1l85d8n2,344
h0gzv3styy,5283
jbgbxt897u,1149
dhewuxyotl,6460
,23860
aetgi1oyaa,85
ji97td3npi,399
hftl4m18q0,2708
s9y9vbblxa,624
i3lktxnh52,165
pa13rewdd9,661
m6y8bftirt,5
50oggjbzcs,256
jgofpoxdpd,265
sj4e2q73so,50
4n6v7cj6m9,563
dlza5ir0k7,38
h32m5ulkit,1262
wk0l68dlkg,5
ay8mkydpb2,929
x91qwoa597,88
m2w1k92a5a,777
6p9s6p6wyb,430
jrzjjh3g1r,2401
4nm99xtfab,34
tp2kuz956n,98
w4mg32kjp4,681
l7cyvm7kbt,1427
5ntior2ch1,261
49lxhylgu1,28
irhl4zo3lu,6
h2mhpxskhk,1330
c7qvt9bwt5,87
8gxzzbv7w8,1450
cixqnyxp9v,1053
m6szz2tcxv,281
9mg6ifqmny,10
u3lh7tekno,519
5n30uigzj6,272
jjm889wxay,2291
u7v6rlhp81,500
g8k12dfmg6,63
4tyq3wzq4i,1
kwa7t0ray4,51
d91rup9lkj,172
4jn67lbqhb,284
lp8x647qo2,671
89m3dkhxyy,392
fgo9aomfqj,101
7grlc2aopw,959
ef1nwshoqj,18
no4gdlajf6,381
trwck67730,1
0u6c7rk2ux,602
mdwfmpr3c8,691
0wfbo7ml5k,783
0cwxw7rveh,296
4edy4f0uol,8
rlx0knkq0v,346
55qv0winah,1649
1s5t2e9cdw,382
54s1u855x9,31
74alaf1szs,238
doqvaj2vzu,11
p6uj3n0aze,181
67yxx2eqp0,107
1yymlqlzl6,13
1rzrhj2j4j,227
6ewkk2w7r1,576
ex96ntmoie,136
xlscyddubk,315
p77d58vew4,1133
0uhj5zj3ce,984
q71z8tnnc6,793
kz1rfdj0ws,85
ihsuhqgmdc,740
id0m0j1kjy,8
em9wf77jqc,27
7gvythc7mi,526
o6m37o3l7o,367
oesivb520y,505
mtje7qh8jp,40
r424gd7pwf,60
pmwfonj2ag,153
foufn9pt88,41
7sys4laq6v,911
z0pbcna9kk,84
59km3f155u,37
zr3h63w2fy,367
zk0j4pcnzj,87
b2n32mdq0u,54
z640bkv6r7,383
zsc0qawq79,303
v7v6ucaw72,11
k0pxsd02si,83
a1lmo1xxj5,1029
13cqabljgi,8
4r0g6bx5rc,688
hlxb5g91kc,667
lyq3tnc036,7
wp0tnl2ydu,48
dp8imn8ze4,120
0avi2tcy0g,117
6dnfyfs9ol,101
l2i17obgyi,25
ozlj879y4f,31
66iowpdbuc,526
hclsl73wg4,453
2r051ups8k,51
h44zkm9mt8,286
fmdym8mxmv,320
h8exoqnpru,85
ls6kprxw1j,23
ggmxiphq64,67
1k9ogi7w79,197
eq1z7hu7k3,9
fhaame1ny7,5
6k62imdisa,64
xmfpjivigx,30
vvqlhyb7jr,3
3wku1ohk1p,80
gs6ng54l0l,5
ug07bm2ckw,1
cv483h1fw2,393
f3i76evvjb,1
n52ssmqnda,35
c40r3zyq5t,953
tbh9vqe3ev,24
y1fizk7ybg,16
dlpctjqwqf,6
e19hd5tm0i,41
medazzhc49,16
7f1o1pqd9w,25
d15m8dd17h,96
tp5ykv5jzh,751
8l2orhbsvl,13
u5pens8hl2,10
pupkl4x8x3,2
4lgdy5a4ta,515
s2e076ohb1,361
446qjw4xgi,150
2lep30tiiz,71
huoz3b61jz,25
3c5c90zv36,6
27jl2n6uoo,37
d0mw2u39lg,3
1l0us6kkug,132
e8qibnliym,56
z501bkm67b,4
fzv0acj6pa,2
hvm3m8ypgu,95
82z4h91v4r,12
crd6njmjax,6
czt8eczekd,1
61p261idyu,11
kkt3pdctdg,106
81k3ssygt1,2
piajc9ws3q,6
rzfokwkc7a,499
tx3m8otqgw,250
gbcz1nzomu,2
yr4rr5qu3e,33
umabbd0jwi,1
2sdz63p9g6,27
k6l649jf98,32
0s9rpkf53u,5
y0f5gu3q0a,314
7h3wu2xyyf,41
dcn46ntz0p,19
8gro2b24ja,29
65i2zmqjqy,40
ha65d656ik,5
r26j6lro1i,36
txqs43zo24,4
h4ousqq8av,3
zi2pxt9kk6,29
f7hr5ku09c,22
w4frb60x9v,39
um3hp76w21,28
lsh0azwee5,11
9w7u4m625q,20
dgw10rc4gi,238
aq5aoy9xbp,53
ftj0qy2f7b,1384
4yk9wrn272,51
ev5rkbdabc,26
yhwcwu1uot,402
fd2xhqwsjk,72
c13j4nmoij,23
kyjr61sdkq,28
yuucprnzb5,73
jcsf6ohzo1,34
qhmhxv0zyb,32
v2nizai7hr,13
w8l90of6xz,44
n1l9ttl9ei,5
iuouekyjwj,65
qe26dg343r,178
oaaqvh5dtf,78
h3nw474wwr,173
yfnx5cwgq6,123
r90d2o0i9y,18
8ppcj3wjwt,5
a73fq76370,19
1ttzl6vlzs,10
ce7ek63y0o,35
3ojubvieb2,34
u6h3c0iftd,34
crck62eltz,31
b9q6ewwhki,14
gs24si06qj,39
fn6hszube7,43
exg6lsn5w7,21
jpxofd3gmu,119
q4rk3syf2x,217
5sgode9pne,1
gig7gnjtk5,3
73ru6libmk,136
fkhhsjy5jk,50
b1pjnbqrdr,84
rc6s5fhd2k,216
tbecf7rhkr,22
mmknbwc3qf,139
kvjaqv4fa1,9
p8w7ujqanz,735
47ioadp9wd,15
353gxm6hd4,822
s1pxf3rg0q,1
188qgh86vq,10
wfyy86f1n0,81
n0bfvspr0d,11
50z922qja8,14
zxrxdzrytu,21
fom5bv844r,155
0y6gjyc5xl,5
h82z1bo3i3,94
voe2rlzy41,2
9utswitc0o,31
phjj09b89l,127
fcooblbqyz,15
du93rs9pec,16
upv9mf4trj,32
xsfvig8s71,2
an1boou6nc,2
wo1cwyb0pt,65
mfe79ij88l,200
5zeokzncln,1
1gypkp7d7r,9
wex7jm17pb,54
cdd4p6xm9e,140
akwyl4gzy2,173
h1yvqbcpot,13
xh47ul1r1k,7
sbjf4foazl,42
y8t8eyooox,34
zn65ejrc8f,14
fd6c02qezd,23
yhqkhecxxc,10
vwahtur1cj,62
98p045fecs,22
h9hoshfwwj,83
9jnlo94889,7
oz65ogq74g,2
4cylbd0s3d,54
hk9f0607uj,17
l4lq5esn5g,108
giysoy67zo,5
mg6ldxzwwb,2
u7j8pvl5zq,71
98ipxc1p42,7
8st8h2b5yr,3
pymg8s4d83,7
jfc5ld8k0t,71
ghln7uplih,558
kdx7k2ou1m,14
akt7yld9xk,23
qtpfktwrdi,13
1u3e5w4k2u,93
epuiyzcv4m,2
aoaipuy20h,133
7p7pi5fxkj,11
81cqeht6m8,28
yncuso5ryt,4
ebp3zxjwi7,5
31gq0i3w4d,4
1mu6nprj45,1
r79attbhro,493
oho66symg6,48
8pu7n71zyl,115
sdt0io3tms,10
nscqmvthk1,113
aphcoumla0,5
3drbkkpjwi,15
xe5j0rm6ao,10
jupncpuwyt,34
ywtdw3ws46,3
c57ck009xt,34
f0j9ho8ua2,115
m9q3n9zj10,161
kqep0e5n7r,27
akl0kdke8r,12
zz00qbgu3m,28
aki498y6jc,107
qmsdu51da8,101
sdos1cdyy4,153
bh3e3oql61,76
vbkc7p8qc9,120
xbypbgiy9z,58
jn8qw1nhns,65
z8s6u45g2k,83
ih7qa28rb3,54
ciduvuy3ar,2
qzgadtxm9i,48
o68jkkro3f,5
wq82qwsrm8,4
v7qghw0r67,274
p6gn06lpie,125
2rptsk0t7g,29
yrxflndwvy,76
alvcqy8hjj,2
16xzhmtg43,17
lv32d9tz8g,18
gy2dprpjxa,1
rbnqxy5oij,27
ak5swmi6nj,23
1g215frscw,1
a8n7ywfrd3,207
kz4u69knjf,3
puh9mctza1,1
6fnrc025mn,5
xeawj1t30j,7
1m93z2t8wf,6
2x2pp2iwbx,2
tcvw6ggyds,1
kbaaq0n44y,18
gfyngwaipo,7
g12sx19cjl,112
shhzugl17n,5
wujt49n5q0,17
rbq68qstjy,20
mepmffeebh,37
h3zr1w3onf,3
pkibwuo4bv,55
nf3yu2ct27,41
a5yunoxatt,1
i1qbimwfk6,9
56uvvmej7x,1
ecbetcendb,109
lv9rlaeib9,49
b4g0n16lxd,2
0cyukofrr8,25
o7eb365hnf,7
s8bffjoah6,5
iftkudcar6,13
xowmsv7xvp,1
vqo5659li5,34
zgocda0mov,10
3hnh7lscve,2
srhk7ugxm8,8
2u8lblv476,5
mgs4xhu5g3,118
s65fsavh28,24
zu0urjl5fr,121
m74006xplh,33
4y18ww0a1m,11
eadbesllam,17
7q3ryyen2t,3
csyhzui9uc,16
6vdibqvqd8,15
fmueu74w0p,2
o080wcrzq5,3
hbltymdyef,5
fbmole6hwm,6
7es6m890l4,123
9n8ef83n5l,166
z5u5cghmkb,2
0tk0pmitom,19
t4fsvfyfie,2
cvzszyp6bm,41
8amt82vs7o,13
yz361h0hzf,6
0kcfgksim7,20
wq47pyztal,19
8sbbzthl9w,24
ajjda965yb,50
xvt1om20u0,108
bwfz1jvlck,12
r9cvuw9v1t,42
x4t1t00zpg,59
1wismy95hz,224
0dc9giy2yh,1
2kcssk11ho,1
0kg5dhdk4s,51
0yj8abtf8t,6
wik93edkn9,21
g7bwcljlcr,3
j904v6fm79,35
6wyksx413f,65
4vpgmxwaa2,2
mw7sb9ey49,2
wh11q5vypx,1
35mlsnk38c,1
qmspt85dhp,39
mqfyrz6sen,17
32pzmjlrd9,7
3lxxctblxe,8
f7hrrl0bh9,42
h920pdxci1,112
8u1hzbiq2w,17
h1r681fij5,1
bnzum9xkvt,28
34yhwco17n,32
1ie27xm4md,27
jvuf4ut3c5,43
wf3aejbrt3,19
uu47abw0dl,2
gvea18bccm,23
khg8b4r65l,22
ptmpax2kn8,1
0xcwx8sf6z,7
gqezg03aqo,20
t2memeu0c4,3
33r901db0e,4
cbi1n9904r,1
811h3kcxvb,9
8ggcq3obcu,15
bcsv0dsf6i,32
ctejf56of8,76
qh2w0s40kw,5
9ypw4dceci,62
npl316l4j0,20
04jjwtizii,3
j7dwqskzg0,10
cvxsbiqy4g,33
zqamwvhq33,21
ekqpz9e16e,2
msctk8rvba,29
knps4jrxz3,68
gaf7rmekoj,30
ctcra21kbu,1
l72ae71syd,13
tyazlz2ugv,164
ffv6ygenkg,14
htn7736sjm,167
vh510bocta,79
bg8bhr1896,1
r1lyc5x0pa,1
xjoc12tti2,91
0r2vse8o96,15
x8dr6vkpa0,4
90zmojjf7j,49
f5ajf2opaf,42
v34viqk9rx,17
c4uzt5w1qm,19
qw5vx1k0rw,19
0vi83yha8h,1
lxao6q3l56,27
p8shoneevj,1
ho95nnufi7,20
o3uagweguf,11
nmwnjd5u4n,47
aamr2zeydd,7
jiu9nnsqms,2
vx9o5k2lh9,1
1cqtj1q73a,4
o2g1mpwg2a,1
rnar1q86c5,24
bke9bjpf9r,15
qtwjt6h6gs,4
4noufqnl4f,4
rxvyya07z2,8
wy7qlm9hjx,2
9649n5rjvr,9
zolc6o82zt,5
mrz7t6gxh0,4
zgipta73eu,1
h204u5h9ms,49
00bv3k93fk,2
5i4ba39u9k,20
dccq423sp2,4
ks7w8e60q3,3
ch3eogm319,20
7nw813njs0,4
mqs7u6rngr,4
1vataolxj9,3
czou0mg13m,3
4jtkq6w8f6,1
p4a5rqs03k,2
l79u9elpco,5
s73v9sbqaz,7
901gohvcyr,1
wko0jz3cod,1
p1fm9nse78,1
5u17bmbs6p,27
7xgwsikqad,2
npgbktbhuc,1
wf1lpsb2vj,9
pqtlskkq5f,3
qdft7im9cb,13
jjzvqk37cu,1
rl4441yfop,2
cff266uh7y,6
j2m24wzu8g,3
m32ngscsu1,32
hjfwaxkb60,14
urzeocieq8,4
dd5w09rr1q,8
d9r8vouxue,102
77e3f8jri8,1
2ao64scs41,1
d7b90j3d04,2
z5begenlrf,1
846cza5dwl,5
lzfy8o1b7b,23
g7a146vwlb,21
5t9tgx32x2,4
x0w8luxhhs,3
1ooijljqrv,8
uwkjlomg44,24
egf0h3s4xh,138
kam577w6oq,3
0n73hvtfpr,1
9y6qgnclpk,8
107xndjbdn,1
hdyubeknoa,7
bi8t9sxwtl,9
iuzkqe17tf,57
fp0gk2d44n,2
km215tqui1,7
bbf56n4pg9,11
8638v39hf2,1
nv9w78focj,4
5wa7dg1020,3
a0xx5u34nm,8
uhz6qrd2d9,6
efgs491edx,3
60kr6bp9hf,33
8k76kao4ll,1
6m1qvxsh3e,7
85y9jx9o86,2
xwck9dcioj,2
dupksehej2,1
bh6mqc68g2,8
c21flybnax,3
6p6efwrmid,3
j0cf8hrkjw,12
79c9fojxw0,59
rbfxjlia3f,12
bzimognfvp,12
3eorzalgl4,16
znikm1880t,13
hhr47shesw,529
w0qm9q3ey5,2
nak4ioxpg1,561
qhpxus7k8t,1
hed7mevt31,4
rfhhuaqrts,5
bw6bl0elx5,8
k2sr7n4ffj,25
0lplfrdm68,1
qom5qq71bd,4
kn438rbkpd,4
8lxqk97zyh,18
vgtvawlq60,31
1fjsmv778r,12
jyskjcj861,12
jv49djokvb,4
084xuar347,1
5wxvkutef7,14
wk8kgtqz68,1
e5v2cd930z,2
9p1cvclas4,9
6nn3a042hn,17
7wp6czwrw0,12
bxk4wfwnci,5
mvl9bio8ou,1
u6bkwnepiv,8
gxqbf8g1vc,1
nwi5rk9lkb,6
hvoexje4ex,4
7mtakgmbba,1
upw1kn3nga,4
2dvxzc8jrd,3
z403ojus93,3
41cgu5ewmd,137
u13qoz09bs,43
i44zmo51c7,28
b5yn1tzci0,3
a8yk8tkxc4,1
e95rv48otc,1
ff8rp0nh6u,40
w56izt36gs,6
ce6hpt5ju5,10
l170p06wip,9
za6gsc8sdo,8
ugy1kvy5yz,2
mkl3fx9uth,1
oi9nd1nd9n,5
wwpyiw1vm6,10
sywfwn7sg1,15
d0hauaf16v,4
jbo9t31zqp,14
28p358130o,3
hyuma85xcu,7
dnqkkwgd05,5
up9b7hui1h,1
oqwz3j1hh1,3
4zv87269nu,12
9fv82qyced,4
5t3mdoiyy6,6
2fx5viusdv,2
omtx3jpdtq,4
8i9yf0yr9w,1
msl6b81ikx,1
nptkahm6a5,101
altlfztjg5,3
om61e8d11r,127
7bgm052mqy,2
kgfsb68wnb,20
a7fntjnau2,7
gtckp2vvj4,2
a4a454odk7,4
2s8i3l7oy7,4
243s3vaa73,4
tyn2yfryvp,16
pc30r8fiiw,4
mw1n2p1voy,1
d9vtt5msc1,3
a7al7kr0c5,2
wil5zsif77,6
792pre0fm3,5
h9rt4lxd99,12
awg8lyvedy,9
5p2qekgax3,4
ghswt6r5vl,4
kvocbcbsgv,14
64um7iv24n,1
ya2h4cjfaz,1
o63zqxohsa,7
izzmxjxqh6,1
03a29zpxqw,4
chdjguobk1,1
gx21ndp7yy,54
xl187q597e,15
nr79m4u3lq,2
30vdsr9swu,4
rddtpyuik3,13
su2e76dtfo,2
auprttukg2,4
5n56p5znf0,3
dagr43m1aj,5
fcmdhs3vae,6
z8n1dxtc9q,1
x0wt5y5bs2,83
dbubnsu1tc,1
if2xeoq16w,1
kyjb7o7olz,11
a5tuvlp0po,8
075wnah299,6
kmbtnosiha,9
fr8d5xn4ih,7
2i3zpwl5a9,3
1d6q9ds6rm,1
7jecspy8fk,3
nq3neh9i5i,15
xnaggs7qe3,18
fg2clh0hsl,5
ootfcayp1g,1
rvr9wfrhx5,4
cb9eugktzu,38
8xhrt6fscw,12
6x8v1c8903,15
dsbrwro9x2,4
1w98cgnanq,1
fpfxpu6u4z,1
tvnicmgqzf,16
rz66emtdwq,1
zmixmtzym6,12
n9qxfnupux,7
nnm6jhv5jz,3
4eiujvozyl,22
bck0nedio0,1
gtysuhhw3p,17
3lrj040600,2
brlxfsqi3r,1
9igytxwwzh,1
s5w45l8o2m,1
gyrhryqj34,1
j5cl5jcqdz,16
1r0owtspdr,3
pmx01iziy9,11
51p2xxpvps,4
lfox6x1ojm,5
j29igjvgwl,13
1zq2hlx01l,1
a7mak4wuom,1
refqnby49o,6
9xco9z4c3z,1
co7kntv3lh,1
du1603bntk,2
otyf9c85b1,2
piqtpz29xl,3
f9f0lfjetk,10
6buadg1d1d,6
anku02zxgu,5
szqyf48ni2,14
49vx0nuuv7,4
pmjqw82db0,6
alc6eyehym,1
e5bj1m9m2e,1
uhn8agncvy,12
57qxiq8tsb,4
ar259dtulv,13
fjuws8vv9r,3
rr1b9eseyh,4
qpe695ed6v,2
cc3pkwk0li,14
relqgnqija,2
gx8z45578c,5
tralay3z26,2
iho3azmdgu,2
hcj1lu3l9a,3
43h8h9jdqj,3
w0kil4h1qz,3
rneab7qf7c,2
7wrt6jfhfq,3
zk3pz24x5s,1
0h1vf0twxr,12
umntls2dlq,1
x8esaf2cwr,1
vk0iw3x90b,18
llttpz4l8h,44
7e0bc7s6s0,5
u54u515u56,3
qo76izuv9q,3
gcbnox9x1n,4
4s3tpt5d8v,3
1bdnhihf1z,13
yqwtqscvwf,3
7ezpstbc1y,5
lcxtisdp6y,4
dljr7e3ubv,4
q40isurmbx,3
sevo4xa26q,6
lv4vlfcnzr,1
2kw4aito68,1
e7simxzm79,2
u2bx2sw1bv,1
057g0jgjld,15
70yhyiaqrl,12
d2bjb8l93k,1
9oqm32g594,1
hruffydq1k,1
imnwy7c15d,5
51laoswrwb,8
wx71xtznl1,1
5js6z3yvqi,1
7b9lfpes9d,9
u6dc7i5is6,10
d339lim5ps,3
l1rav4fxk8,1
306br54upg,3
g3hpga6qu2,2
h81pl2i5a6,8
hoshv8o78k,9
no8hgfw0su,1
32g5flgua0,12
6tjo4iag3l,2
6x2xfo2ygq,7
wuqq17zjcd,1
avzjpgqkym,2
ehcz1jiv3d,1
x370zr0v88,1
zhdr0vtntz,2
kjv0lvcezv,11
t997jxohr3,1
963x9919ok,2
brklsll1zc,1
t4tioxlhov,38
f5d3yn2so6,1
9wi6zvt4h3,1
x9y4slwu2b,4
eou3xy3ht8,1
65l1kwga5y,7
yunhitgxgx,16
9xlu134oo9,7
p5mp3xbn99,1
8w1l6u1565,1
x5din0lbep,3
20tmlpf5rq,1
5fsjukjyjt,2
shksxlt8ok,11
8om7bxkb13,2
uzw48xncgx,2
gu3h3yqtk3,3
86d04i30jc,24
16p070gidp,3
7tn35swync,2
6kf650i4zk,7
ajmnqxfrau,3
hl0ffm8toi,1
414nuewqwd,3
l3wbyhysiw,1
kzzehs3b2j,2
yo5h3qdl2s,19
f1uojpw9ej,5
ogt487t2u1,2
40g1faed45,1
vrcmv7tjdu,3
yd0p39g0ly,1
xhfae21bpk,8
8uh1kfvlhb,6
ng1qgo1hp7,8
pfzarn59ab,1
z5hsbrw198,4
bfwtwd92m1,14
3kadgutgs9,3
xoxgvczyyd,5
tq26tb9tj9,26
ld0qrctsbb,11
4j5hjsdkwc,18
hxfd7qqttz,1
784pq6tqo8,17
5jcghtltbx,7
ubq4rpw1wu,9
m2rpfrft4m,4
aqf754j3rb,1
utkbozj9sh,1
l62kyktzq2,1
3uiwedg1ki,1
8kl4colp8e,1
xh73qi524y,1
dnmwbqd36a,8
zxuw992m8p,3
dvqszc5g50,5
at88lnryep,1
zog7b0d83z,3
wl3zq7r5tr,1
xyp0ngvyd7,6
ake9481rl7,5
2bcusrt88g,7
ix033niy64,10
yzl6vltidf,1
adohx76jpl,1
dhbxzk9tyc,4
64kpdgz5dw,1
k488tbxgjl,4
npykxas4c8,8
18jj79so8p,1
8afjjg2cyc,1
sst8wbq7kw,4
u878nsmv98,2
cw5ssmu5j4,1
5obxbuubdk,1
2s666tklgo,13
bsmx94pct9,1
ncgekxox1o,1
swkogajfub,1
avcjspsyib,1
hku4d0ck4n,7
did7ayzh7z,3
s9pcborf7y,4
2bw77slbb4,1
ghyo99f0x8,1
atf68cawqe,2
ssgmq3k51v,1
zyzqoa0xlj,46
e5kvpngkc8,4
u8a9zwvbvy,5
dxvqlu3dcd,10
kzmitqixsp,3
z6qjin0qqt,1
a4weam3zks,1
41zmp4zh5e,1
9iaq2j5p0w,6
5uwqhmpbpw,1
i1n9hhpy74,2
jthh3lgecc,2
ftf9nvfej5,6
1vr9xpsws2,2
alc6p2yimn,4
n0o2wcoq4b,1
0ln5rvbsug,2
8sxuwvgo44,2
237k640lqx,4
lyugdv49gk,3
n3oe6amcoo,2
orpiitt449,5
08fa78pdp8,24
yvbokzhzmz,11
j5q9a8d49b,2
t1wd9fiznl,22
sq81wh8r3p,15
ep7qnow4pv,2
33ico48nyd,3
ewiqwj2bq8,66
76ba1nqq6s,1
cyagulc7ha,6
fmv0hxp7i5,54
xymxg866b5,4
i72tgmcydj,1
u4u121uh4d,5
7ls5j1vbpq,2
42b1o4c46w,2
cun5nm7d0f,5
7fgd3fbmzi,1
31qfj8revn,1
o6522xq6sh,1
vp4cxkje4s,1
rkegfad4bl,1
xgtqk1w4ya,2
7y2udd7ppm,1
n7v6g34e0m,3
rp1zjtuksu,11
m4dq2q9jiv,5
04jb55nlsh,1
7hsrnqwx2f,2
5d0kwz72yy,1
ohovbcjeax,5
af435iu76k,2
oxa0ylq9ay,4
vudruhunxi,3
38kvsr6xn2,6
ihzje59ylg,4
bjuu7rps2w,1
hq2zgeaqqf,16
dcc90z03il,6
yg0sm41ear,8
sxj3j42ygo,19
q8n2xmqs1o,13
aelrb19u0i,5
e1wrdxp259,2
ah10xtkbxp,15
bt5y2iq3kp,1
pp2w04l9tf,1
9uixxn6prx,2
l12a906yri,25
3tsrz44re1,1
fyihpr2f02,1
9c9zf6hv2z,4
g7m9i371p4,2
ptr3rfuph8,13
8tu8ldh995,1
7udfap69mj,4
e165xleaqt,8
dxasp1shh1,1
wwo5dsfe25,6
8g4h86hnc3,4
bey28jrhwu,16
acx6uyop18,15
buakj9jija,2
5xzg937unb,27
apuapt9wig,2
tdznjmpywo,2
ekzq6rea24,1
sawqk4xfna,1
83rbcs41fn,1
bp9xhteuj9,3
9la8v54yz4,4
leg5b7etfr,1
ayjlria39o,2
vaw8wrp6mi,1
kggb6goupa,8
0fig5rmiox,5
3gvgmurmcb,1
0ppa3hvekl,1
c5vr6lndrx,7
34ks61j1m8,13
bb0wdwlexf,14
soaedltvjs,11
jshaxuelhn,4
8q6evmyn2i,17
n3yt7xt78d,2
ow66z51pa4,1
dfe38kc2ai,3
9tpoluos1q,10
3eds7bimpz,1
gtjlzc5fyr,2
xukeok4qlf,5
4zhjejk00h,1
ed04il53n7,2
d3afiaj868,1
1vs1krahfs,1
ymr2raryhz,2
f8ilekqrfc,4
2bcwadfq0r,6
2npqcwn2oc,1
f1vyjgg9t6,8
56ps8t229t,3
i4jbxr3gd4,1
7azc4262oo,2
0fjs8401bp,3
hoz4ouh5tu,6
mhzqyq008z,7
ultq017ef8,2
tmhw6nvg5h,13
hkwq608ywv,2
9nd2ajl4nx,1
ptd0rmmnrv,1
fybnj2savm,2
umwt5oqyfy,3
rv7b9x20z9,2
cutrxw7e48,13
933ie56sph,2
uzped615x4,1
mmto0f0aee,1
sc05m6ppyd,1
gwq1i0smza,2
fzdfz5gkld,7
g0o67a8jpy,3
9s8i2290qg,20
wxl14n9fo3,1
d20ybazw7f,2
frmptf4le7,11
0gmn9tzmlv,1
kgnlcsowqg,4
9h2kq1x7jg,1
ap74o1i50d,1
8i22vg823w,1
1yxyj1hxvi,2
gwuthswkc9,1
5t6au2olk9,2
944ledw1r7,1
v0vpglxpcz,6
vszyfvmzzg,1
9tdmm4guev,1
aotzf9i4t4,1
hxwcv9yfyk,1
zapprwvtx9,11
4ytix1aozf,16
p7rq0a1geq,1
tsa3qlzed1,1
b1ojfpwayk,22
vitvodung6,7
oe6xmwn3s6,15
2kvlcqk9xy,1
wi7jemi7yd,3
8jtrxi583p,1
rgq9fk24zd,5
28yjralexi,1
xjnn5c8ctk,3
z4bhaqrpt0,1
awebxd6wg1,14
2aqd8x0a8p,1
dowi3lt0dv,1
dsv4lhwhn7,1
qlr2bgxwhf,1
7jjbgcqg1h,2
blujwexum1,1
3b0uqjbbv5,1
czrsscjxwh,1
hzglrwxdtt,2
2ekj7pe4h8,2
yo32drds2u,2
g5n5rqvdxo,1
m4rdm8ckxg,1
5xld7x764s,1
svrqsl8ydm,4
jwdfza01vq,2
hrejm00eyu,1
nclwec7ns3,6
ux1lvrjiu2,3
qgiwl47lvm,1
6bzmgp7e84,1
m4ruun8m3a,1
cit05izhs6,1
0guqpq6re9,3
bp8az8iysr,1
puunytmd6z,2
wu9j4fyp5p,1
y8lurw2s08,1
zjs0019zm2,1
4nvomvnfj0,1
xa8nk3i0as,1
dc22oah1v8,2
4gy191xe86,1
g3etmch2tx,3
ghaj284ctb,6
dmiddz5ehl,3
804dv56eji,1
zd8unl3rqn,1
j3rxkj56cs,2
6k7x6eaq4d,1
7or1k4syoy,1
e1p1kzz96u,1
ls1cvnh96s,3
3lizt17yhy,2
q1t9301odh,2
91wuvmq6ju,1
0rv771drzl,2
0bwtsvgzvy,1
z78hrd26su,1
i2m9i5ytbg,9
kbn6bnvddu,1
srr795shtm,2
905tkjc9ui,2
kzmks2fxlw,1
ymikxh8lgo,20
5tvchkyhcj,4
l3wc3uouh6,35
lvakruz2kz,1
vpkyna241n,1
40egrp3age,23
h16yr7furr,8
nllrzldww6,67
cky14hc1l9,1
x5uz58e5p9,5
bu3h266vxh,6
c3d4dbun3t,2
ctmnbdx9k0,5
h24amfz7mm,3
g9e7qyy71p,1
vha0ssegay,2
c0j4lyz6aj,5
44ocjtdxxw,8
ze9pkdkqjd,1
bru91s7d68,8
bejesjhtdn,2
axnfyyroo8,1
jupa4d7mu6,3
9izvvjw1bu,1
tavwtgnfdp,3
rzyrjgiv6m,1
usnmo2t72b,1
8p0clmx851,9
c771nmkmb8,3
03vbtkww28,1
dtu9bl4faf,1
pzuji4u0at,1
zbg97me31s,1
r89cx7sv2l,4
2e25hd29uu,1
oav68vru6u,2
krjxuj8jnv,1
04ut085ltq,2
8elvo4ws82,1
nqghhf5br6,18
mnw7zjieww,9
my9kducfis,4
jh1gwh4n7f,1
a5ajz0rgrm,1
hr21gpaogg,1
phxqocglhv,1
n92bww8sym,3
lsf2z6v5tj,1
ny2e8bby33,2
eqo29r6t59,1
z052z9k6c1,2
9zn0g0wd9v,3
52t3nzmp0l,4
giz4x476ug,1
f7v2h4cqc1,27
voijxc93c5,2
uafxee1kjk,2
1fvbbmvepl,3
u5upr132uu,1
wzqaeg6y2w,14
2p7v2fpe0b,3
94zt6dsmdc,1
m6guxwjazt,2
valpak04h2,1
jszwtrqlai,1
mnuob0fm04,1
e4cn4k8l46,1
y7ndywj3w5,1
wrd3sifbau,1
3stulpqfe9,1
bayjrx4i6e,1
eq0zcoihok,1
z8f2ejslwi,1
cawhttc4j5,6
papxu0m6p6,1
tzqeya1t3a,1
gbq6n25ye0,170
yzii0m98zy,1
un7wnrhutk,1
030q5fqlrh,1
b8fbfuqs4s,2
yokl5p9l41,1
6csrigfo3r,2
m87lblai6p,2
uulphaak6s,1
7fhnqn7giq,28
cffpoun53u,1
ilh8kgxttw,1
qtih3ae3j0,1
dm6pg50uwu,1
aoxhv8jrax,1
92dfbxlxeh,1
fdqh7fcjf2,1
xbrbbm12wm,1
3cv4e1htww,1
xllb905eed,1
wanieo2pgb,1
syc1ih4v1p,87
bor1nhz1d4,56
2tq601zel0,3
cvby5rww34,4
wbs71h9u0v,2
faanf09q00,11
6wbq2lxcre,5
rdt31ynd6t,14
gfha154t8w,4
vf7lmnbqi8,7
zd6rk7oghq,22
xqp5uvd92d,16
lcolftissc,20
x0djmmux2b,6
2fl1ip4ifr,16
fzioir534y,13
q5gaaxmql4,2
x9q4jluo73,2
m2cnbqdb8a,11
3wj0t308sq,4
e9tplbqz9l,5
vg3ptni3mq,1
jmlf3qvty5,4
rtosgwch6q,19
mrt5myvr4d,9
49wngttuec,15
v4h7pminh1,7
0zij73e4bo,8
wio5uzi5pv,93
d5n724qriv,10
o764sfprik,1
dnhrcp6pao,2
uoe8sjxm4h,4
ulfvn5xmgm,2
4ctd3fq57q,2
txwb6uz3dl,3
8vs5o45xc7,18
eoaer82enz,1
xq3vzel7mw,2
zj1c75vf67,6
jgdbp661hw,35
se47rgbsyd,1
94cjz9jg9y,1
nufbzasiq7,1
8t2hy7hbrc,1
w7adb17snu,4
hcimcis80q,2
xqstwjkti9,1
hwj18cvm0i,2
ohj3rkyczg,1
nxavm65mg3,4
clwxtgnjpw,26
j6kh0jkptk,1
7kjgfmjunm,2
tr7pel9ndw,2
nuj3f1ea1d,1
b6y3pr9x2a,1
egd60be7r0,1
d5c5afq5ue,11
iscjlutw9b,4
dmio574hpd,1
tpx3x8k9lm,4
7nuzvu1uoz,1
ebehpv21xt,1
epvptolw9r,1
ksurlnymq4,1
lezatbpl1f,1
vtg60f34gv,3
wexkkj22qu,3
gc9i9qy9cc,1
g8fzkhzlvg,1
r1qimk9d4z,1
viv127p4q5,31
riyuog5dwt,1
wxoblob6nt,1
90a3utk2wf,8
46aok4e9hb,1
xcu1fsj3pe,1
1tvpevfzmn,1
cdwgyw3kul,7
xwmrgwb38v,1
kjeovtb3db,3
qeqvpjsnyn,2
qbd1goytzz,2
xel4l5p8v6,2
lr27sngh2z,3
7cerpwngv3,1
fzkl7e4vel,1
hmxcbd3z22,2
rrua1697nb,1
qxiorvfxji,1
w308vycuhp,3
0umdgqu77x,1
59ts5ymavk,1
59lmys7y2s,1
9ayc3k0dxu,1
tore9qbutp,1
5cuto8p2fx,1
zz9f01s39q,1
oe7t1db7i8,1
bg0evhjvox,3
lyy6c5kh8d,2
0wmcj3ydi8,1
xwpx2aiwi7,1
27zri73hga,1
hunv1ff3gy,2
os0bklwwmx,2
5jkdcdmi6k,1
47v5slu9p5,1
uho2ds1twg,1
mf2902f6ro,1
hm44o8jbph,2
6i3mdu0x5o,1
dvdjluqxnp,1
7z5dh17d4b,2
egsgsijlte,1
oipdyk6cbe,1
snlsmzwecl,14
hhs8xx201x,1
zh4yjr25wv,1
o7sz2gn8ep,1
0k2px01a8e,9
z2y1vsfy32,1
ivbw1o50yg,1
kei9slmf3p,6
uxd7qgx60f,1
ow05gzmj82,1
b6f7lj4wbb,3
h521w0m697,2
x8df98b9m0,1
z9zzf3vavg,1
vl6bxvyj5s,1
14byfgv30p,2
w3kng3v1nh,1
tjt5illw2p,1
khqn7h3zps,1
2h3rwms23l,8
1ct6qvksrf,1
g5rxhh05vn,1
a9n7vw34kp,1
ge4xfsbtgz,1
pjyj6rvuj6,1
dc2yeai9wr,1
ju8og5msxm,1
krhtv9twvr,2
kcbhwd2hb6,2
b92fu80uys,4
earnw14zid,1
ea22soll93,1
x48fzxqgqn,5
sxmr1dejq2,1
bs962k3l0i,1
ptserhps1f,1
2nz3zp3pmu,1
0eoslpndnk,2
x4hv21dl61,1
9vm0d7txqd,1
o8jmn7wu5e,1
8wzlxmpbz0,1
r03zb70e9r,1
dody7z00ta,1
kfb7sj7i0h,1
ckhg2g5iq2,1
5tqallyce2,2
cr5nhxdhbt,6
6w6nubiwsc,1
5l2g3imogi,1
m3gylabt6p,1
oo1wr8e24r,1
z7utqlcs8m,2
rfc7w6n7w1,1
x4mvyzj0ob,21
9mbfk67sq4,1
rd28uz2wuy,8
khxvl4gc8r,6
n4zypvvycn,1
f7v4x0bn28,1
1uxh6sccbd,1
g6i8yc3t6f,1
0bt4dl1f49,1
ls6u8dscwp,6
ify8wp45mz,3
cdwlhoe7sb,2
bcu00f5y6s,1
qsw4oc8hfv,2
bwcuiuwtaz,49
wpbo51inbu,9
n4g5hrawu4,6
fu6caa5q2a,7
6wyn6yddb6,5
o7rxqft52e,1
myoqtwlezn,25
vgdnx3zrkn,25
mxjh9h64im,7
dmt62prazn,11
jnpp6r84xp,9
gnt13du9z8,2
sx7ig5dria,1
wcl42s7y1r,21
e33qe36es7,7
wdtj8btn9z,2
yomncuf13y,3
d6k4isufpw,3
i2gqabmuv4,1
kdo5ozx6cw,2
lebb92n5gt,1
d31znlyylh,5
tjbyfvpm84,1
wg598fdf4n,1
do3ymz05gs,1
h4ivjjlrr8,3
pfscmtnqbm,1
w06mzbrv69,1
sqh9trpulp,1
s1n3ksksbg,1
ywoquzurvl,3
yjzpdsoyyo,2
zreu243tyr,1
25iafmky1x,17
67xwlxwxwm,1
587vsj71cs,1
mymkzhalht,1
4krd3qcngq,1
diesgffg1o,9
mvfn7g0qwu,5
ao967xr7u7,2
wvxqqsz1w8,6
1b3rdlleou,3
noyypvbg20,1
9smcf52kd1,1
dhqar7cnn9,9
uj5cin0oda,10
fivzk82fdh,2
b037aq4o64,2
k9fz66biv5,1
ojtpg03v54,1
kk9zxal8u7,3
02fjn8nulq,2
otbtv0ewaj,3
aawiifil1h,3
fhr5fzfhst,1
vzb2hyntyq,1
4nk5jzlf6m,36
uw9w7g847l,1
lbm101454u,2
zc2s5bv3x2,1
iexlgj4cvt,1
fp02cubifm,13
812nh3gzrb,1
cl4srojc09,1
wxpi4rjz2p,2
f0csx339lz,4
irwwgkc3py,1
eakt7tagpp,1
7eni93zlhs,1
dzob6ag7n1,5
ntecsn5xqw,5
hmne5uy3qt,4
unan8n2rta,1
y4ha3liwwc,1
b9u9sk93vy,1
6hyn7a9bnx,11
03w9kgybpz,1
vf4c383b64,1
xdjmj3ywdf,12
nr7t4q9h8d,1
ju36m47psc,1
mm49eilaqb,4
qn4p4ey9d4,1
upwujhrby2,1
7qrer294i2,3
xhh4txsh2g,2
ha4qh8t2sw,1
dc1wt3fwrg,1
j540tejlka,2
o75vmzxbse,3
88n7gfxlqz,1
r2tbnngvcz,1
vpcd7inkf9,22
qyg9g9hii5,1
3xbmgmm4j0,5
l9s5pvc4ia,2
rfxejqz8as,1
emizdscukm,1
1r30xz0nrz,5
1axafi8r7u,1
ketncivolx,4
gbjr7sabn4,5
xkmcvrx1mq,1
gsp1aliedr,1
60lzmbmrwp,1
y7e97sd82a,6
xclyxu4uku,3
i72bd4i3o5,1
zsmvdq869o,2
v9dax6z7sh,2
3eglymq80r,1
nu6yj5ke73,1
fhseyjwogt,5
ae9cjv8zji,2
z6mdb6y8rn,1
3p906vor19,1
5kt0ywwp4z,1
x3zcurblzm,2
7tszx5wu4p,1
4wsrhqopug,1
0r6eikzw8w,9
r4xlmwmdvl,1
sinjn961eq,11
yszlaw22lm,1
goxg9wwonn,5
t1r1jjd8v1,1
lsjuogr2ev,2
oeui2r7lqj,1
ilkg1bbhki,2
6p9l9b6dwr,1
owlfrj4v76,1
947jc8d4sh,7
sff3srqzre,1
p1t11rbor2,1
hoh508yntk,9
q3hrv2vesz,1
5diuh9hkw7,2
y5dftmxvj0,1
3k23i3cwyt,1
dciu80t6yw,3
cod914fnx4,1
jdh2e2tnm5,1
ktmu5fowob,1
onvfob000r,1
mywhauy2tm,3
el7xh0v2ov,1
cpr9kqrk9x,9
32rwmop1h1,2
ahpipvmufk,1
4qrbm22mmt,3
x40w6mop83,1
lpjmcjuz4z,1
rysjgchsua,1
si8qqdmshi,2
gcl8bbz6jf,1
3ade45dwte,1
7l5l1f4dh8,1
ptbmxdfm3i,1
at0f17pekv,1
owcp73s8go,1
9vw70byryn,1
rc4d2ysdn3,2
tqko7h2wrh,2
k7s5hlaoz3,1
l93tak6vzx,1
nonh2c9f7j,2
xcwma5914e,1
krjznp1i0d,3
cz9doc0d73,1
ch53nwd306,4
cdalwkdxte,2
sz4ikuqw2e,3
xeyf2mkerf,3
s4dnc91sl4,1
49xqdx7w56,1
e097ctjxvg,2
6vao0zrbrv,2
5yg8yh62tk,2
an8tdlt5m3,1
991ix0j4pd,2
fy8197yoy0,2
vxs7geukz8,1
2p40zfuzsl,1
5zjto89nh6,1
90fb7u7080,1
uhk4plz1rm,3
df1fjpfewv,1
2hdoxmv8n8,1
reqn09rgft,1
hu47oaqoqg,2
kbac52iw6u,1
p5hwr8pgcv,1
vaz8c6nubx,1
xq6hizhbmv,1
r09trgtxjq,1
7h0zy2vp65,1
cxzdczacxy,1
kfdhplatyr,9
drf1i3fmxo,1
m74wrlidvc,1
tnn49fvk1p,2
455frmn9hl,2
m26yvo17yk,30
y3taw4yt70,1
b3fudy3nhc,45
30u8rx4qre,2
vyieqcw386,7
ydpnp91kss,1
xblum49kus,2
g546qlgz9n,2
jn50sa0z7r,2
x68c1lnsxf,23
0bcpbg0geh,112
7w3mprfyzd,7
xjszizqtbx,1
f31a6zuqwf,1
amjxzogjym,3
84umwz5kds,1
1yynvi0pfn,6
33cdlwuhk3,20
bluyc51w9k,6
o9mnopmdba,3
jxtkszwkrq,2
tur8btuhld,3
58rt2jv8ut,3
5maxp2o3xc,2
0tvekrqwv1,9
econ137w5q,3
wxej0p8z4b,1
lkbv9me4ks,5
uwjljg3tt4,3
eq335my2ai,3
6ceuhy4fvr,3
y1u4nexjl4,4
cyv9807bcj,4
jl0fjl7uo6,2
qg6bx6xlgq,1
nms96pmn1w,41
fi0wiw1adi,13
qbwv11qfx4,2
uoh6yyyf8h,19
ixe8sbhdfm,2
v6sm32hcto,1
luw8r1fj9l,1
xuf3yby22w,1
3jzeliplnn,7
tpy5799qxk,1
l2vxxrjn36,3
do72nuhnr4,1
q66wswcsev,1
ck9d66h56b,2
4pz6izsjbm,3
h3c5drx2ki,1
qj5ls1wkvt,1
tnwvrq73qx,8
fppjmg7fhh,1
d8jnefb3d4,1
er8jkra4dx,5
yi7vhns7j8,1
ytvfk53ys4,1
gjgujysmue,6
jstya23ki5,3
j6pe4lu59v,7
i1xcccg4ok,2
9aai46wd9w,2
wnk1om8h9s,5
xdimpzk5q6,14
nnkv7fnqj3,3
4a6130bz6w,14
sjo5wujrih,1
zzca4ye7cv,1
3iy8d4dyxq,1
a675ctdqop,2
01v0id7th0,5
nmmmkasm1v,1
d1oyno57ys,1
1vtfwm0co9,3
22lvvv6gxs,4
g5lujnrrvr,1
2d0e97b93g,1
cvd6s2s17g,1
tffxprqn1o,1
n5t0jhw1aa,3
7nnyrveaif,1
n2eg801rgy,2
twk4rdk9gc,1
10sh1f47vw,1
v8blfuvx4g,2
m7l429tjt8,1
1rnh5muox4,5
5xa8w1z0p0,1
6b16j83isz,6
i5iv3migqj,5
zkrxof2sy9,3
sixop241yv,3
ly975u80wd,1
gkr9p9i0d9,1
yy93ubfmig,1
lacjgjmulx,1
kh67ey65hl,1
r47d5160c7,1
uc9n9xrv1e,1
axc0e0c7le,1
urq1zuk7jt,1
umalf001uf,1
4j4r3esjz6,1
ipk3zzo75v,2
ti8ubql3my,1
aaw1t17vqv,5
97dgghy3oj,5
hxbszp3ept,1
0qc20cajlp,1
ig9oetqcmy,5
lv504kyqxb,1
we92o7vlu9,1
hcsv6oxj1l,1
fpq0j1p9ii,1
w49pivmpx3,4
fxgbagkc2t,2
e658trpvpa,1
1md1xx6bfm,1
ntmjixw7s5,1
2sxbksrwvb,1
06sdi34nnm,1
nxv16lsfup,1
r0gb9nvxhz,1
8fkudp0t2j,1
n4tua57hu9,1
1lm8w9z90v,4
g1dool8ykk,1
nj42kxv7ks,3
3ux82tu34t,1
01lxg391at,1
7lxndqnhv2,1
qmve1owxof,1
usqcyemfku,2
e4zla8l7mn,1
vgvqkrxgz3,1
9j574ajtba,1
mc2tdm102y,1
dpcoqc8hoy,1
ropjrw8fc8,2
4e3li7uc27,1
